cod;denumire;um;tva;den_tip;STOC;PRET ACHIZITIE;PRET VANZ CU TVA;cod_bare
750753 004 S;T-SHIRT FIGC BADGE;buc;19;Marfuri;2;56;147;4057826009607
750753 004 XL;T-SHIRT FIGC BADGE;buc;19;Marfuri;2;56;147;4057826009591
750753 004 M;T-SHIRT FIGC BADGE;buc;19;Marfuri;2;56;147;4057826009515
750753 004 L;T-SHIRT FIGC BADGE;buc;19;Marfuri;2;56;147;4057826009478
BK7143 34;REGULAR SHORT;buc;19;Marfuri;2;67;176;4057291209564
BK7143 36;REGULAR SHORT;buc;19;Marfuri;3;67;176;4057291209526
BK7143 40;REGULAR SHORT;buc;19;Marfuri;2;67;176;4057291209496
BK7143 38;REGULAR SHORT;buc;19;Marfuri;3;67;176;4057291205429
BK7143 42;REGULAR SHORT;buc;19;Marfuri;2;67;176;4057291205375
BK2117 NS;AIRLINER AC CL;buc;19;Marfuri;3;106;277;4057289806690
BR7106 XS;ESS POLO YD;buc;19;Marfuri;1;77;201;4057289798414
BR7106 S;ESS POLO YD;buc;19;Marfuri;2;77;201;4057289798384
BR7106 XXL;ESS POLO YD;buc;19;Marfuri;1;77;201;4057289798377
BR7106 L;ESS POLO YD;buc;19;Marfuri;3;77;201;4057289798339
BR7106 XL;ESS POLO YD;buc;19;Marfuri;2;77;201;4057289798315
BR7106 M;ESS POLO YD;buc;19;Marfuri;3;77;201;4057289798292
BR7103 XS;ESS POLO YD;buc;19;Marfuri;1;77;201;4057289797943
BR7103 L;ESS POLO YD;buc;19;Marfuri;3;77;201;4057289797912
BR7103 XL;ESS POLO YD;buc;19;Marfuri;2;77;201;4057289797899
BR7103 XXL;ESS POLO YD;buc;19;Marfuri;1;77;201;4057289797882
BR7103 S;ESS POLO YD;buc;19;Marfuri;2;77;201;4057289797844
BR7103 M;ESS POLO YD;buc;19;Marfuri;3;77;201;4057289797820
S99997 S;3S PER TB S;buc;19;Marfuri;12;71;185;4057289797578
BS5028 XXL;ESS LIN SHOR SJ;buc;19;Marfuri;1;63;166;4057289782352
BS5028 XL;ESS LIN SHOR SJ;buc;19;Marfuri;1;63;166;4057289782338
BS5028 L;ESS LIN SHOR SJ;buc;19;Marfuri;3;63;166;4057289782307
BS5028 XS;ESS LIN SHOR SJ;buc;19;Marfuri;2;63;166;4057289782284
BS5028 S;ESS LIN SHOR SJ;buc;19;Marfuri;3;63;166;4057289782277
BS5028 M;ESS LIN SHOR SJ;buc;19;Marfuri;3;63;166;4057289780617
BK7468 M;ESS 3S SHORT FT;buc;19;Marfuri;3;67;176;4057289779734
BK7468 L;ESS 3S SHORT FT;buc;19;Marfuri;2;67;176;4057289779697
BK7468 XXL;ESS 3S SHORT FT;buc;19;Marfuri;1;67;176;4057289779673
BK7468 XL;ESS 3S SHORT FT;buc;19;Marfuri;1;67;176;4057289779666
BK7468 XS;ESS 3S SHORT FT;buc;19;Marfuri;2;67;176;4057289779574
BK7468 S;ESS 3S SHORT FT;buc;19;Marfuri;3;67;176;4057289779550
S99995 S;3S PER TB S;buc;19;Marfuri;12;71;185;4057289771073
BK7464 S;ESS LO SHORT FT;buc;19;Marfuri;3;67;176;4057289761388
BK7464 M;ESS LO SHORT FT;buc;19;Marfuri;3;67;176;4057289761357
BK7464 L;ESS LO SHORT FT;buc;19;Marfuri;3;67;176;4057289761340
BK7464 XL;ESS LO SHORT FT;buc;19;Marfuri;1;67;176;4057289761326
BK7464 XXL;ESS LO SHORT FT;buc;19;Marfuri;1;67;176;4057289761296
BK7464 XS;ESS LO SHORT FT;buc;19;Marfuri;2;67;176;4057289761289
BK7469 L;SHORT FT 3S ESS;buc;19;Marfuri;3;67;176;4057289739721
BK7469 M;SHORT FT 3S ESS;buc;19;Marfuri;3;67;176;4057289739707
BK7469 XXL;SHORT FT 3S ESS;buc;19;Marfuri;1;67;176;4057289739615
BK7469 XL;SHORT FT 3S ESS;buc;19;Marfuri;1;67;176;4057289739585
B47223 S;ESS CHELSEA SJ;buc;19;Marfuri;3;58;151;4057289735860
B47223 XL;ESS CHELSEA SJ;buc;19;Marfuri;2;58;151;4057289735853
B47223 XS;ESS CHELSEA SJ;buc;19;Marfuri;2;58;151;4057289735815
BK7469 XS;SHORT FT 3S ESS;buc;19;Marfuri;2;67;176;4057289735518
BK7469 S;SHORT FT 3S ESS;buc;19;Marfuri;3;67;176;4057289735495
B47203 XXL;ESS LO SHORT FT;buc;19;Marfuri;1;67;176;4057289735273
B47223 L;ESS CHELSEA SJ;buc;19;Marfuri;3;58;151;4057289731749
B47223 M;ESS CHELSEA SJ;buc;19;Marfuri;3;58;151;4057289731725
B47223 XXL;ESS CHELSEA SJ;buc;19;Marfuri;1;58;151;4057289731701
B47203 XL;ESS LO SHORT FT;buc;19;Marfuri;1;67;176;4057289731206
B47203 L;ESS LO SHORT FT;buc;19;Marfuri;3;67;176;4057289731183
B47203 M;ESS LO SHORT FT;buc;19;Marfuri;3;67;176;4057289731169
B47203 S;ESS LO SHORT FT;buc;19;Marfuri;3;67;176;4057289731138
B47203 XS;ESS LO SHORT FT;buc;19;Marfuri;2;67;176;4057289731114
BK7459 S;ESS RH SHORT FT;buc;19;Marfuri;3;67;176;4057289623389
BK7459 M;ESS RH SHORT FT;buc;19;Marfuri;3;67;176;4057289623365
BK7459 L;ESS RH SHORT FT;buc;19;Marfuri;3;67;176;4057289623358
BK7459 XL;ESS RH SHORT FT;buc;19;Marfuri;1;67;176;4057289623334
BK7459 XXL;ESS RH SHORT FT;buc;19;Marfuri;1;67;176;4057289623310
BK7459 XS;ESS RH SHORT FT;buc;19;Marfuri;2;67;176;4057289623259
BK7461 L;SHORT FT RAW HEM;buc;19;Marfuri;3;67;176;4057289587216
BK7461 S;SHORT FT RAW HEM;buc;19;Marfuri;3;67;176;4057289587209
BK7461 XS;SHORT FT RAW HEM;buc;19;Marfuri;2;67;176;4057289587186
BK7461 M;SHORT FT RAW HEM;buc;19;Marfuri;3;67;176;4057289587179
BK7461 XL;SHORT FT RAW HEM;buc;19;Marfuri;1;67;176;4057289587070
BK7461 XXL;SHORT FT RAW HEM;buc;19;Marfuri;1;67;176;4057289587063
BQ0759 XL;ESS 3S CHELSEA;buc;19;Marfuri;2;54;141;4057289581948
BQ0759 XXL;ESS 3S CHELSEA;buc;19;Marfuri;1;54;141;4057289581924
BQ0759 S;ESS 3S CHELSEA;buc;19;Marfuri;3;54;141;4057289581894
BQ0759 L;ESS 3S CHELSEA;buc;19;Marfuri;3;54;141;4057289581856
BQ0759 M;ESS 3S CHELSEA;buc;19;Marfuri;4;54;141;4057289581849
BQ0759 XS;ESS 3S CHELSEA;buc;19;Marfuri;1;54;141;4057289577699
S99605 M;3S PER TB M;buc;19;Marfuri;10;81;211;4057289561889
S99959 M;LIN PER TB M;buc;19;Marfuri;10;60;158;4057289557646
S99962 M;LIN PER TB M;buc;19;Marfuri;10;60;158;4057289553228
BK4043 NS;PERF BOTTL 075;buc;19;Marfuri;20;12;39;4057289440320
BK4040 NS;PERF BOTTL 075;buc;19;Marfuri;20;12;39;4057289440290
S96920 NS;PERF BOTTL 075;buc;19;Marfuri;20;12;39;4057289427208
S96922 NS;PERF BOTTL 05;buc;19;Marfuri;20;10;29;4057289358038
BK4029 NS;PERF BOTTL 05;buc;19;Marfuri;20;10;29;4057289310692
S99622 S;CLITE VERS GLOV;buc;19;Marfuri;2;36;95;4057289302079
S99622 XL;CLITE VERS GLOV;buc;19;Marfuri;1;36;95;4057289302062
S99622 L;CLITE VERS GLOV;buc;19;Marfuri;1;36;95;4057289302055
S99622 M;CLITE VERS GLOV;buc;19;Marfuri;2;36;95;4057289302048
S99174 S;GOOD TB S GR2;buc;19;Marfuri;8;77;201;4057289297566
BK7161 XL;ORIG TREFOIL T;buc;19;Marfuri;2;58;151;4057288986515
BK7161 XS;ORIG TREFOIL T;buc;19;Marfuri;2;58;151;4057288982937
BK7161 L;ORIG TREFOIL T;buc;19;Marfuri;2;58;151;4057288982920
BK7161 XXL;ORIG TREFOIL T;buc;19;Marfuri;1;58;151;4057288982883
BK7161 M;ORIG TREFOIL T;buc;19;Marfuri;3;58;151;4057288982876
BK7161 S;ORIG TREFOIL T;buc;19;Marfuri;3;58;151;4057288982852
BK7677 XS;PERF FZ HOODY;buc;19;Marfuri;2;115;302;4057288970378
BK7677 XXS;PERF FZ HOODY;buc;19;Marfuri;2;115;302;4057288970347
BK7677 L;PERF FZ HOODY;buc;19;Marfuri;1;115;302;4057288970316
BK7677 M;PERF FZ HOODY;buc;19;Marfuri;2;115;302;4057288970286
BK7677 S;PERF FZ HOODY;buc;19;Marfuri;2;115;302;4057288970279
BK7571 M;CLFN TRIPLE TEE;buc;19;Marfuri;3;67;176;4057288966043
BK7571 XXL;CLFN TRIPLE TEE;buc;19;Marfuri;1;67;176;4057288966005
BK7571 XL;CLFN TRIPLE TEE;buc;19;Marfuri;2;67;176;4057288965978
BK5905 XS;CLFN FT PANTS;buc;19;Marfuri;2;135;353;4057288963356
BK5905 L;CLFN FT PANTS;buc;19;Marfuri;3;135;353;4057288963332
BK5905 M;CLFN FT PANTS;buc;19;Marfuri;3;135;353;4057288963295
BK5905 S;CLFN FT PANTS;buc;19;Marfuri;3;135;353;4057288963288
BK5905 XXL;CLFN FT PANTS;buc;19;Marfuri;1;135;353;4057288963271
BK5905 XL;CLFN FT PANTS;buc;19;Marfuri;2;135;353;4057288961871
BK5865 XL;ADI POLO;buc;19;Marfuri;2;87;227;4057288961796
BK5865 S;ADI POLO;buc;19;Marfuri;3;87;227;4057288961789
BK5865 M;ADI POLO;buc;19;Marfuri;3;87;227;4057288961734
BK5865 L;ADI POLO;buc;19;Marfuri;2;87;227;4057288961680
BK5865 XS;ADI POLO;buc;19;Marfuri;2;87;227;4057288961673
BK5865 XXL;ADI POLO;buc;19;Marfuri;1;87;227;4057288961666
BK7571 S;CLFN TRIPLE TEE;buc;19;Marfuri;3;67;176;4057288954866
BK7571 L;CLFN TRIPLE TEE;buc;19;Marfuri;3;67;176;4057288954811
BK7571 XS;CLFN TRIPLE TEE;buc;19;Marfuri;2;67;176;4057288954804
BK5891 XS;CLFN FT FZ;buc;19;Marfuri;2;144;378;4057288929000
BK5891 M;CLFN FT FZ;buc;19;Marfuri;3;144;378;4057288928980
BK5891 XXL;CLFN FT FZ;buc;19;Marfuri;1;144;378;4057288928966
BK5891 L;CLFN FT FZ;buc;19;Marfuri;3;144;378;4057288927310
BK5891 XL;CLFN FT FZ;buc;19;Marfuri;2;144;378;4057288927259
BK5891 S;CLFN FT FZ;buc;19;Marfuri;3;144;378;4057288927235
S97961 XS;SN SS TEE W;buc;19;Marfuri;2;82;214;4057288906520
S97961 XXS;SN SS TEE W;buc;19;Marfuri;2;82;214;4057288906506
S97961 S;SN SS TEE W;buc;19;Marfuri;3;82;214;4057288906483
S97961 M;SN SS TEE W;buc;19;Marfuri;2;82;214;4057288906445
S97961 L;SN SS TEE W;buc;19;Marfuri;1;82;214;4057288906438
BK0348 S;TIRO17 TRG PNT;buc;19;Marfuri;3;91;238;4057288880974
BK0348 XS;TIRO17 TRG PNT;buc;19;Marfuri;2;91;238;4057288880943
BK0348 XL;TIRO17 TRG PNT;buc;19;Marfuri;2;91;238;4057288876762
BK0348 L;TIRO17 TRG PNT;buc;19;Marfuri;2;91;238;4057288876748
BK0348 M;TIRO17 TRG PNT;buc;19;Marfuri;3;91;238;4057288876717
BQ2045 S;D2M 3S3/4TIGH;buc;19;Marfuri;3;67;176;4057288799238
BQ2045 XS;D2M 3S3/4TIGH;buc;19;Marfuri;3;67;176;4057288799221
BQ2045 XXS;D2M 3S3/4TIGH;buc;19;Marfuri;1;67;176;4057288799184
BQ2045 L;D2M 3S3/4TIGH;buc;19;Marfuri;1;67;176;4057288799177
BQ2045 M;D2M 3S3/4TIGH;buc;19;Marfuri;2;67;176;4057288799122
BJ8409 38;F LIN LEGGINGS;buc;19;Marfuri;5;67;176;4057288787648
BJ8409 40;F LIN LEGGINGS;buc;19;Marfuri;2;67;176;4057288787600
BJ8409 42;F LIN LEGGINGS;buc;19;Marfuri;1;67;176;4057288787594
BJ8409 36;F LIN LEGGINGS;buc;19;Marfuri;5;67;176;4057288787525
BJ8409 34;F LIN LEGGINGS;buc;19;Marfuri;4;67;176;4057288787495
BK5807 36;FZ HOODIE FT;buc;19;Marfuri;2;135;353;4057288772132
BK5807 38;FZ HOODIE FT;buc;19;Marfuri;2;135;353;4057288768005
BK5807 40;FZ HOODIE FT;buc;19;Marfuri;1;135;353;4057288767992
BK5807 34;FZ HOODIE FT;buc;19;Marfuri;3;135;353;4057288767947
BK5807 42;FZ HOODIE FT;buc;19;Marfuri;1;135;353;4057288767923
BJ8408 38;FUGIPRABALI TT;buc;19;Marfuri;3;144;378;4057288741466
BJ8408 36;FUGIPRABALI TT;buc;19;Marfuri;3;144;378;4057288741428
BJ8408 34;FUGIPRABALI TT;buc;19;Marfuri;2;144;378;4057288741367
BJ8408 42;FUGIPRABALI TT;buc;19;Marfuri;1;144;378;4057288741350
BJ8408 40;FUGIPRABALI TT;buc;19;Marfuri;2;144;378;4057288741329
BK5811 34;LEGGINGS;buc;19;Marfuri;3;58;151;4057288698111
BK5811 36;LEGGINGS;buc;19;Marfuri;2;58;151;4057288698104
BK5811 38;LEGGINGS;buc;19;Marfuri;2;58;151;4057288694281
BK5811 42;LEGGINGS;buc;19;Marfuri;1;58;151;4057288694229
BK5811 40;LEGGINGS;buc;19;Marfuri;1;58;151;4057288694205
BJ8360 40;LEGGINGS BERLIN;buc;19;Marfuri;1;67;176;4057288601371
BJ8360 42;LEGGINGS BERLIN;buc;19;Marfuri;1;67;176;4057288601364
BJ8360 36;LEGGINGS BERLIN;buc;19;Marfuri;2;67;176;4057288601296
BJ8360 34;LEGGINGS BERLIN;buc;19;Marfuri;3;67;176;4057288601272
BJ8360 38;LEGGINGS BERLIN;buc;19;Marfuri;2;67;176;4057288601258
BK2095 36;TREFOIL TEE;buc;19;Marfuri;3;54;141;4057288584001
BK2095 38;TREFOIL TEE;buc;19;Marfuri;3;54;141;4057288583974
BK2095 40;TREFOIL TEE;buc;19;Marfuri;2;54;141;4057288583950
BK2095 42;TREFOIL TEE;buc;19;Marfuri;1;54;141;4057288583929
BK2371 36;T-SHIRT;buc;19;Marfuri;3;54;141;4057288582052
BK2371 34;T-SHIRT;buc;19;Marfuri;3;54;141;4057288582021
BK2371 42;T-SHIRT;buc;19;Marfuri;1;54;141;4057288582007
BK2371 40;T-SHIRT;buc;19;Marfuri;2;54;141;4057288577874
BK2371 38;T-SHIRT;buc;19;Marfuri;3;54;141;4057288577867
BQ2900 1314A;YG PRIME TEE;buc;19;Marfuri;4;35;90;4057288558491
BK2931 1314A;YG TF TIGHT;buc;19;Marfuri;5;67;176;4057288553823
BK2931 1112A;YG TF TIGHT;buc;19;Marfuri;4;67;176;4057288553601
BK2931 1213A;YG TF TIGHT;buc;19;Marfuri;5;67;176;4057288552239
BK2931 1415A;YG TF TIGHT;buc;19;Marfuri;5;67;176;4057288552215
BK2929 1314A;YG TF TIGHT;buc;19;Marfuri;3;67;176;4057288532330
BK2929 1213A;YG TF TIGHT;buc;19;Marfuri;3;67;176;4057288532323
BK2929 1112A;YG TF TIGHT;buc;19;Marfuri;2;67;176;4057288532309
BK2929 1415A;YG TF TIGHT;buc;19;Marfuri;2;67;176;4057288529569
BQ2207 XXL;TKO REV SS M;buc;19;Marfuri;1;91;238;4057288511793
BQ2207 S;TKO REV SS M;buc;19;Marfuri;3;91;238;4057288511779
BQ2207 XS;TKO REV SS M;buc;19;Marfuri;2;91;238;4057288511755
BQ2207 M;TKO REV SS M;buc;19;Marfuri;3;91;238;4057288511700
BQ2207 XL;TKO REV SS M;buc;19;Marfuri;1;91;238;4057288508984
BQ2207 L;TKO REV SS M;buc;19;Marfuri;2;91;238;4057288508953
BK2930 1112A;YG TF TIGHT;buc;19;Marfuri;2;67;176;4057288506157
BK2930 1415A;YG TF TIGHT;buc;19;Marfuri;3;67;176;4057288506126
BK2930 1213A;YG TF TIGHT;buc;19;Marfuri;3;67;176;4057288506102
BK2930 1314A;YG TF TIGHT;buc;19;Marfuri;3;67;176;4057288505914
BK6207 1415A;YG LIN P TIGHT;buc;19;Marfuri;3;54;141;4057288480181
BK6207 1213A;YG LIN P TIGHT;buc;19;Marfuri;4;54;141;4057288480150
BK6207 1314A;YG LIN P TIGHT;buc;19;Marfuri;4;54;141;4057288480068
BK6207 1112A;YG LIN P TIGHT;buc;19;Marfuri;3;54;141;4057288480020
BJ8420 1112A;YG LIN P TEE;buc;19;Marfuri;3;38;101;4057288473824
BJ8420 1415A;YG LIN P TEE;buc;19;Marfuri;2;38;101;4057288473671
BJ8420 1314A;YG LIN P TEE;buc;19;Marfuri;3;38;101;4057288473114
BK3853 1415A;YG TR TANK;buc;19;Marfuri;2;44;116;4057288431299
BK3853 1314A;YG TR TANK;buc;19;Marfuri;3;44;116;4057288431268
BK3853 1112A;YG TR TANK;buc;19;Marfuri;2;44;116;4057288427049
BQ2900 1415A;YG PRIME TEE;buc;19;Marfuri;4;35;90;4057288394853
AZ9728 M;TANC TR PANT;buc;19;Marfuri;4;91;238;4057288391104
AZ9728 S;TANC TR PANT;buc;19;Marfuri;4;91;238;4057288391043
AZ9728 XS;TANC TR PANT;buc;19;Marfuri;3;91;238;4057288391036
AZ9728 XXL;TANC TR PANT;buc;19;Marfuri;1;91;238;4057288390992
AZ9728 L;TANC TR PANT;buc;19;Marfuri;4;91;238;4057288390930
AZ9728 XL;TANC TR PANT;buc;19;Marfuri;3;91;238;4057288390886
BK4683 XL;MARKER HOODY TS;buc;19;Marfuri;1;154;403;4057288386841
BK4683 XXS;MARKER HOODY TS;buc;19;Marfuri;1;154;403;4057288386834
BK4683 L;MARKER HOODY TS;buc;19;Marfuri;1;154;403;4057288386827
BK4683 S;MARKER HOODY TS;buc;19;Marfuri;2;154;403;4057288385950
BK4683 M;MARKER HOODY TS;buc;19;Marfuri;2;154;403;4057288385929
BK4683 XS;MARKER HOODY TS;buc;19;Marfuri;2;154;403;4057288385882
BK4696 XS;TIRO TS;buc;19;Marfuri;2;144;378;4057288367246
BK4696 L;TIRO TS;buc;19;Marfuri;1;144;378;4057288365051
BK4696 XXS;TIRO TS;buc;19;Marfuri;1;144;378;4057288365006
BK4696 XL;TIRO TS;buc;19;Marfuri;1;144;378;4057288364993
BJ9294 L;TIRO17 TRG JKT;buc;19;Marfuri;2;100;262;4057288342779
BJ9294 M;TIRO17 TRG JKT;buc;19;Marfuri;3;100;262;4057288342724
BJ9294 S;TIRO17 TRG JKT;buc;19;Marfuri;2;100;262;4057288342663
BJ9294 XL;TIRO17 TRG JKT;buc;19;Marfuri;2;100;262;4057288339908
BJ9294 XS;TIRO17 TRG JKT;buc;19;Marfuri;2;100;262;4057288339892
BK0015 36;3STRIPES SKIRT;buc;19;Marfuri;3;77;201;4057288339649
BK0015 38;3STRIPES SKIRT;buc;19;Marfuri;3;77;201;4057288339601
BK0015 40;3STRIPES SKIRT;buc;19;Marfuri;1;77;201;4057288339588
BK0015 34;3STRIPES SKIRT;buc;19;Marfuri;2;77;201;4057288339496
BK0351 7-8A;TIRO17 TRG PNTY;buc;19;Marfuri;4;73;190;4057288299769
AY2964 M;TIRO17 TEE;buc;19;Marfuri;2;55;143;4057288295709
BK0351 5-6A;TIRO17 TRG PNTY;buc;19;Marfuri;2;73;190;4057288295686
BK0351 1112A;TIRO17 TRG PNTY;buc;19;Marfuri;4;73;190;4057288295662
BK0351 1516A;TIRO17 TRG PNTY;buc;19;Marfuri;5;73;190;4057288295624
BK0351 1314A;TIRO17 TRG PNTY;buc;19;Marfuri;4;73;190;4057288295617
BK0351 9-10A;TIRO17 TRG PNTY;buc;19;Marfuri;4;73;190;4057288295594
AY2964 S;TIRO17 TEE;buc;19;Marfuri;1;55;143;4057288291619
AY2964 XL;TIRO17 TEE;buc;19;Marfuri;2;55;143;4057288291596
AY2964 L;TIRO17 TEE;buc;19;Marfuri;2;55;143;4057288291558
AY2964 YXL;TIRO17 TEE;buc;19;Marfuri;1;55;143;4057288291527
AY2964 XXL;TIRO17 TEE;buc;19;Marfuri;2;55;143;4057288291503
BK4675 L;HOODY&TIGHT TS;buc;19;Marfuri;1;154;403;4057288243670
BK4675 XXS;HOODY&TIGHT TS;buc;19;Marfuri;2;154;403;4057288243663
BK4675 M;HOODY&TIGHT TS;buc;19;Marfuri;2;154;403;4057288243656
BK4675 S;HOODY&TIGHT TS;buc;19;Marfuri;2;154;403;4057288243632
BK4675 XS;HOODY&TIGHT TS;buc;19;Marfuri;2;154;403;4057288243625
BK3738 S;TANC  SHORTS;buc;19;Marfuri;2;64;167;4057288174172
BK3738 XS;TANC  SHORTS;buc;19;Marfuri;2;64;167;4057288174141
BK2682 S;D2M TEE 3S;buc;19;Marfuri;3;58;151;4057288173687
BK2682 XXS;D2M TEE 3S;buc;19;Marfuri;2;58;151;4057288173656
BK2682 XS;D2M TEE 3S;buc;19;Marfuri;3;58;151;4057288173632
BK3738 M;TANC  SHORTS;buc;19;Marfuri;2;64;167;4057288170341
BK3738 L;TANC  SHORTS;buc;19;Marfuri;2;64;167;4057288170310
BK3738 XL;TANC  SHORTS;buc;19;Marfuri;2;64;167;4057288170273
BK3738 XXL;TANC  SHORTS;buc;19;Marfuri;1;64;167;4057288170228
BK2682 M;D2M TEE 3S;buc;19;Marfuri;2;58;151;4057288169871
BK2682 L;D2M TEE 3S;buc;19;Marfuri;1;58;151;4057288169833
AY2879 L;TIRO17 3/4 PNT;buc;19;Marfuri;1;73;190;4057288169222
AY2879 S;TIRO17 3/4 PNT;buc;19;Marfuri;2;73;190;4057288169192
AY2879 M;TIRO17 3/4 PNT;buc;19;Marfuri;2;73;190;4057288169161
AY2879 XL;TIRO17 3/4 PNT;buc;19;Marfuri;2;73;190;4057288165996
AY2879 XS;TIRO17 3/4 PNT;buc;19;Marfuri;2;73;190;4057288165989
BQ2683 XL;TIRO17 CO POLO;buc;19;Marfuri;2;64;167;4057288147930
BQ2683 XXL;TIRO17 CO POLO;buc;19;Marfuri;2;64;167;4057288147916
BQ2683 L;TIRO17 CO POLO;buc;19;Marfuri;2;64;167;4057288147817
BQ2683 S;TIRO17 CO POLO;buc;19;Marfuri;2;64;167;4057288144595
BQ2683 M;TIRO17 CO POLO;buc;19;Marfuri;2;64;167;4057288144557
BQ2683 YXL;TIRO17 CO POLO;buc;19;Marfuri;1;64;167;4057288144540
BK2660 S;D2M TANK SOLID;buc;19;Marfuri;2;48;126;4057288142577
BK2660 XS;D2M TANK SOLID;buc;19;Marfuri;2;48;126;4057288142553
BK2660 L;D2M TANK SOLID;buc;19;Marfuri;1;48;126;4057288142546
BK2660 M;D2M TANK SOLID;buc;19;Marfuri;2;48;126;4057288142539
BK2660 XXS;D2M TANK SOLID;buc;19;Marfuri;2;48;126;4057288142515
BJ8605 L;D2M TEE HT;buc;19;Marfuri;2;58;151;4057288111412
BJ8605 M;D2M TEE HT;buc;19;Marfuri;2;58;151;4057288111399
BJ8605 S;D2M TEE HT;buc;19;Marfuri;2;58;151;4057288111382
BJ8605 XS;D2M TEE HT;buc;19;Marfuri;1;58;151;4057288111351
BJ8605 YXL;D2M TEE HT;buc;19;Marfuri;1;58;151;4057288109075
BJ8605 XXL;D2M TEE HT;buc;19;Marfuri;2;58;151;4057288109051
BJ8605 XL;D2M TEE HT;buc;19;Marfuri;2;58;151;4057288109037
BK2167 L;STRAPPY BRA PR1;buc;19;Marfuri;1;67;176;4057288099437
BK2167 M;STRAPPY BRA PR1;buc;19;Marfuri;2;67;176;4057288099406
BK2167 S;STRAPPY BRA PR1;buc;19;Marfuri;2;67;176;4057288099352
BK2167 XL;STRAPPY BRA PR1;buc;19;Marfuri;1;67;176;4057288099321
BK2167 XS;STRAPPY BRA PR1;buc;19;Marfuri;2;67;176;4057288099314
BQ2689 YXL;TIRO17 CO POLO;buc;19;Marfuri;1;64;167;4057288072904
BQ2689 S;TIRO17 CO POLO;buc;19;Marfuri;2;64;167;4057288072898
BQ2689 XXL;TIRO17 CO POLO;buc;19;Marfuri;2;64;167;4057288072881
BQ2689 M;TIRO17 CO POLO;buc;19;Marfuri;1;64;167;4057288072829
BQ2689 L;TIRO17 CO POLO;buc;19;Marfuri;2;64;167;4057288069249
BQ2689 XL;TIRO17 CO POLO;buc;19;Marfuri;2;64;167;4057288069201
BQ2992 5-6A;YB TIBERO TS CH;buc;19;Marfuri;2;96;252;4057288063032
BQ2992 9-10A;YB TIBERO TS CH;buc;19;Marfuri;2;96;252;4057288062912
BQ2992 7-8A;YB TIBERO TS CH;buc;19;Marfuri;2;96;252;4057288062899
BQ2992 1112A;YB TIBERO TS CH;buc;19;Marfuri;2;96;252;4057288059035
BK3731 XXL;TANC PL JSY;buc;19;Marfuri;1;73;190;4057288039310
BK3731 L;TANC PL JSY;buc;19;Marfuri;2;73;190;4057288039297
BK3731 XL;TANC PL JSY;buc;19;Marfuri;2;73;190;4057288039266
BK3731 S;TANC PL JSY;buc;19;Marfuri;2;73;190;4057288039198
BK3731 M;TANC PL JSY;buc;19;Marfuri;2;73;190;4057288039174
BK3731 XS;TANC PL JSY;buc;19;Marfuri;2;73;190;4057288039150
BQ2993 5-6A;YB TIBERO TS CH;buc;19;Marfuri;2;96;252;4057288020189
BQ2993 7-8A;YB TIBERO TS CH;buc;19;Marfuri;2;96;252;4057288020103
BQ2993 1112A;YB TIBERO TS CH;buc;19;Marfuri;2;96;252;4057288015987
BQ2993 9-10A;YB TIBERO TS CH;buc;19;Marfuri;2;96;252;4057288015925
B47359 XS;T-SHIRT 3S ESS;buc;19;Marfuri;2;58;151;4057283079618
B47359 S;T-SHIRT 3S ESS;buc;19;Marfuri;3;58;151;4057283079601
B47359 XXL;T-SHIRT 3S ESS;buc;19;Marfuri;1;58;151;4057283079595
B47359 M;T-SHIRT 3S ESS;buc;19;Marfuri;3;58;151;4057283079588
B47359 XL;T-SHIRT 3S ESS;buc;19;Marfuri;2;58;151;4057283079571
B47359 L;T-SHIRT 3S ESS;buc;19;Marfuri;3;58;151;4057283079564
S98722 XL;ESS 3S TEE;buc;19;Marfuri;2;58;151;4057283070820
S98722 S;ESS 3S TEE;buc;19;Marfuri;3;58;151;4057283070813
S98722 M;ESS 3S TEE;buc;19;Marfuri;3;58;151;4057283066755
S98722 XXL;ESS 3S TEE;buc;19;Marfuri;1;58;151;4057283066748
S98722 XS;ESS 3S TEE;buc;19;Marfuri;2;58;151;4057283066731
S98722 L;ESS 3S TEE;buc;19;Marfuri;3;58;151;4057283066724
S98731 XXL;ESS LINEAR TEE;buc;19;Marfuri;1;48;126;4057283032934
S98731 XL;ESS LINEAR TEE;buc;19;Marfuri;2;48;126;4057283032927
S98731 S;ESS LINEAR TEE;buc;19;Marfuri;3;48;126;4057283032910
S98731 XS;ESS LINEAR TEE;buc;19;Marfuri;1;48;126;4057283032903
S98731 L;ESS LINEAR TEE;buc;19;Marfuri;3;48;126;4057283032880
S98731 M;ESS LINEAR TEE;buc;19;Marfuri;4;48;126;4057283032873
AY7710 XS;ORIG TREFOIL T;buc;19;Marfuri;2;58;151;4056565393886
AY7710 L;ORIG TREFOIL T;buc;19;Marfuri;2;58;151;4056565393848
AY7710 XXL;ORIG TREFOIL T;buc;19;Marfuri;1;58;151;4056565393831
AY7710 M;ORIG TREFOIL T;buc;19;Marfuri;3;58;151;4056565393787
AY7710 S;ORIG TREFOIL T;buc;19;Marfuri;3;58;151;4056565393732
AY7710 XL;ORIG TREFOIL T;buc;19;Marfuri;2;58;151;4056565393701
AY7731 L;CLFN FT SHORTS;buc;19;Marfuri;2;96;252;4056565354986
AY7731 XL;CLFN FT SHORTS;buc;19;Marfuri;1;96;252;4056565354962
AY7731 S;CLFN FT SHORTS;buc;19;Marfuri;3;96;252;4056565354955
AY7731 M;CLFN FT SHORTS;buc;19;Marfuri;3;96;252;4056565354948
AY7731 XXL;CLFN FT SHORTS;buc;19;Marfuri;1;96;252;4056565354931
AY7731 XS;CLFN FT SHORTS;buc;19;Marfuri;2;96;252;4056565354924
AO0243 XL;ADI POLO;buc;19;Marfuri;2;87;227;4056559525873
AO0243 S;ADI POLO;buc;19;Marfuri;3;87;227;4056559525859
AO0243 XXL;ADI POLO;buc;19;Marfuri;1;87;227;4056559525835
AO0243 XS;ADI POLO;buc;19;Marfuri;2;87;227;4056559525828
AO0243 L;ADI POLO;buc;19;Marfuri;2;87;227;4056559522575
AO0243 M;ADI POLO;buc;19;Marfuri;3;87;227;4056559522544
AJ9997 S;3S PER TB S;buc;19;Marfuri;12;71;185;4056559184230
AJ9993 M;3S PER TB M;buc;19;Marfuri;10;81;211;4056559158439
AJ9990 L;3S PER TB L;buc;19;Marfuri;8;91;238;4056559158415
590920 001 L;TUTA FELPA TAPED;buc;19;Marfuri;1;153;401;4056207976989
590920 006 M;TUTA FELPA TAPED;buc;19;Marfuri;2;153;401;4056207976972
590920 006 S;TUTA FELPA TAPED;buc;19;Marfuri;2;153;401;4056207976958
590920 001 M;TUTA FELPA TAPED;buc;19;Marfuri;2;153;401;4056207976910
590920 006 L;TUTA FELPA TAPED;buc;19;Marfuri;1;153;401;4056207976880
590920 001 XL;TUTA FELPA TAPED;buc;19;Marfuri;1;153;401;4056207976866
590920 001 S;TUTA FELPA TAPED;buc;19;Marfuri;2;153;401;4056207976811
590920 001 XS;TUTA FELPA TAPED;buc;19;Marfuri;2;153;401;4056207976767
590920 006 XL;TUTA FELPA TAPED;buc;19;Marfuri;1;153;401;4056207976729
590920 006 XS;TUTA FELPA TAPED;buc;19;Marfuri;2;153;401;4056207976620
590895 003 L;TUTA FRESH;buc;19;Marfuri;2;131;342;4056207975173
590895 003 M;TUTA FRESH;buc;19;Marfuri;2;131;342;4056207975135
590895 003 XXL;TUTA FRESH;buc;19;Marfuri;1;131;342;4056207974992
590895 003 XL;TUTA FRESH;buc;19;Marfuri;2;131;342;4056207974961
590895 010 S;TUTA FRESH;buc;19;Marfuri;2;131;342;4056207974909
590895 010 XL;TUTA FRESH;buc;19;Marfuri;2;131;342;4056207974862
590895 003 S;TUTA FRESH;buc;19;Marfuri;2;131;342;4056207974848
590895 010 L;TUTA FRESH;buc;19;Marfuri;2;131;342;4056207974824
590895 010 XXL;TUTA FRESH;buc;19;Marfuri;1;131;342;4056207974787
590895 010 M;TUTA FRESH;buc;19;Marfuri;2;131;342;4056207974770
590888 009 XL;TUTA WOVEN FLASH;buc;19;Marfuri;2;121;318;4056207973216
590888 017 XXL;TUTA WOVEN FLASH;buc;19;Marfuri;1;121;318;4056207973162
590888 017 S;TUTA WOVEN FLASH;buc;19;Marfuri;2;121;318;4056207973155
590888 009 S;TUTA WOVEN FLASH;buc;19;Marfuri;2;121;318;4056207973148
590888 009 XXL;TUTA WOVEN FLASH;buc;19;Marfuri;1;121;318;4056207973117
590888 017 L;TUTA WOVEN FLASH;buc;19;Marfuri;2;121;318;4056207972950
590888 009 L;TUTA WOVEN FLASH;buc;19;Marfuri;2;121;318;4056207972912
590888 017 M;TUTA WOVEN FLASH;buc;19;Marfuri;2;121;318;4056207972417
590888 017 XL;TUTA WOVEN FLASH;buc;19;Marfuri;2;121;318;4056207972318
590888 009 M;TUTA WOVEN FLASH;buc;19;Marfuri;2;121;318;4056207972264
591327 003 S;SHORT EVOSTRIPE DRYVENT;buc;19;Marfuri;2;65;171;4056207959470
591327 001 S;SHORT EVOSTRIPE DRYVENT;buc;19;Marfuri;2;65;171;4056207959401
591327 001 XXL;SHORT EVOSTRIPE DRYVENT;buc;19;Marfuri;1;65;171;4056207959203
591327 003 XL;SHORT EVOSTRIPE DRYVENT;buc;19;Marfuri;1;65;171;4056207959166
591327 001 M;SHORT EVOSTRIPE DRYVENT;buc;19;Marfuri;2;65;171;4056207959128
591327 001 L;SHORT EVOSTRIPE DRYVENT;buc;19;Marfuri;2;65;171;4056207958992
591327 001 XL;SHORT EVOSTRIPE DRYVENT;buc;19;Marfuri;1;65;171;4056207958848
591327 003 L;SHORT EVOSTRIPE DRYVENT;buc;19;Marfuri;2;65;171;4056207958497
591327 003 M;SHORT EVOSTRIPE DRYVENT;buc;19;Marfuri;2;65;171;4056207958459
591327 003 XXL;SHORT EVOSTRIPE DRYVENT;buc;19;Marfuri;1;65;171;4056207958367
590589 004 S;T-SHIRT STYLE TEC;buc;19;Marfuri;2;49;127;4056207915599
590589 004 XXL;T-SHIRT STYLE TEC;buc;19;Marfuri;1;49;127;4056207915575
590589 004 L;T-SHIRT STYLE TEC;buc;19;Marfuri;2;49;127;4056207915278
590589 004 XL;T-SHIRT STYLE TEC;buc;19;Marfuri;1;49;127;4056207914950
590589 004 M;T-SHIRT STYLE TEC;buc;19;Marfuri;2;49;127;4056207914912
590732 002 XS;T-SHIRT TRANSITION;buc;19;Marfuri;2;56;147;4056207907198
590732 001 XL;T-SHIRT TRANSITION;buc;19;Marfuri;1;56;147;4056207907051
590732 002 M;T-SHIRT TRANSITION;buc;19;Marfuri;2;56;147;4056207907020
590732 002 S;T-SHIRT TRANSITION;buc;19;Marfuri;2;56;147;4056207906955
590732 002 XL;T-SHIRT TRANSITION;buc;19;Marfuri;1;56;147;4056207906689
590732 001 S;T-SHIRT TRANSITION;buc;19;Marfuri;2;56;147;4056207906566
590732 002 L;T-SHIRT TRANSITION;buc;19;Marfuri;1;56;147;4056207906535
590732 001 L;T-SHIRT TRANSITION;buc;19;Marfuri;1;56;147;4056207906375
590732 001 M;T-SHIRT TRANSITION;buc;19;Marfuri;2;56;147;4056207906313
590732 001 XS;T-SHIRT TRANSITION;buc;19;Marfuri;2;56;147;4056207906290
515164 003 L;T-SHIRT VENT;buc;19;Marfuri;2;71;186;4056207896836
515164 003 XL;T-SHIRT VENT;buc;19;Marfuri;1;71;186;4056207896744
515164 003 S;T-SHIRT VENT;buc;19;Marfuri;2;71;186;4056207896355
515164 003 XXL;T-SHIRT VENT;buc;19;Marfuri;1;71;186;4056207896300
515164 003 M;T-SHIRT VENT;buc;19;Marfuri;2;71;186;4056207896249
515282 001 XXL;T-SHIRT DRI-RELEASE GRAPHIC;buc;19;Marfuri;1;68;177;4056207895143
515282 001 S;T-SHIRT DRI-RELEASE GRAPHIC;buc;19;Marfuri;2;68;177;4056207895044
515282 001 XL;T-SHIRT DRI-RELEASE GRAPHIC;buc;19;Marfuri;1;68;177;4056207894832
515282 001 M;T-SHIRT DRI-RELEASE GRAPHIC;buc;19;Marfuri;1;68;177;4056207894603
590624 003 M;T-SHIRT EVOSTRIPE;buc;19;Marfuri;2;52;137;4056207891350
590624 003 L;T-SHIRT EVOSTRIPE;buc;19;Marfuri;2;52;137;4056207891008
590624 003 XXL;T-SHIRT EVOSTRIPE;buc;19;Marfuri;1;52;137;4056207890827
590624 003 S;T-SHIRT EVOSTRIPE;buc;19;Marfuri;2;52;137;4056207890667
590624 003 XL;T-SHIRT EVOSTRIPE;buc;19;Marfuri;1;52;137;4056207890438
515033 003 L;T-SHIRT RUN;buc;19;Marfuri;1;49;127;4056207873530
515033 003 M;T-SHIRT RUN;buc;19;Marfuri;2;49;127;4056207873493
515033 003 XL;T-SHIRT RUN;buc;19;Marfuri;1;49;127;4056207873417
515033 001 M;T-SHIRT RUN;buc;19;Marfuri;3;49;127;4056207873349
515033 001 XL;T-SHIRT RUN;buc;19;Marfuri;1;49;127;4056207873301
515033 001 S;T-SHIRT RUN;buc;19;Marfuri;3;49;127;4056207873141
515033 001 L;T-SHIRT RUN;buc;19;Marfuri;2;49;127;4056207873103
515033 003 S;T-SHIRT RUN;buc;19;Marfuri;2;49;127;4056207873028
515033 003 XS;T-SHIRT RUN;buc;19;Marfuri;2;49;127;4056207872977
515033 001 XS;T-SHIRT RUN;buc;19;Marfuri;3;49;127;4056207872793
590731 030 M;CANOTTA TRANSITION;buc;19;Marfuri;2;47;122;4056207871543
590731 030 XS;CANOTTA TRANSITION;buc;19;Marfuri;2;47;122;4056207870669
590731 030 XL;CANOTTA TRANSITION;buc;19;Marfuri;1;47;122;4056207870478
590731 030 S;CANOTTA TRANSITION;buc;19;Marfuri;2;47;122;4056207870447
590731 030 L;CANOTTA TRANSITION;buc;19;Marfuri;1;47;122;4056207870386
74408 001 OSFA;BORSA FUNDAMENTAL GRAPHIC M;buc;19;Marfuri;7;75;196;4056207744106
73499 012 TU;FUNDAMENTALS SPORTS BAG S;buc;19;Marfuri;5;50;132;4056207741426
73395 011 OSFA;FUNDAMENTALS SPORTS BAG M;buc;19;Marfuri;5;60;156;4056207741372
41265 004 M;GUANTI PALESTRA;buc;19;Marfuri;5;37;98;4056207739904
41265 004 S;GUANTI PALESTRA;buc;19;Marfuri;5;37;98;4056207739898
838248 003 L;POLO PIQUET ESS;buc;19;Marfuri;2;63;166;4056206579723
838248 003 M;POLO PIQUET ESS;buc;19;Marfuri;2;63;166;4056206579549
838248 003 S;POLO PIQUET ESS;buc;19;Marfuri;2;63;166;4056206579259
838248 003 XXL;POLO PIQUET ESS;buc;19;Marfuri;1;63;166;4056206578559
838248 003 XL;POLO PIQUET ESS;buc;19;Marfuri;1;63;166;4056206578306
838262 001 M;SHORT JERSEY ESS;buc;19;Marfuri;2;52;137;4056205921929
838262 001 XL;SHORT JERSEY ESS;buc;19;Marfuri;1;52;137;4056205921912
838262 001 L;SHORT JERSEY ESS;buc;19;Marfuri;2;52;137;4056205921837
838262 001 XXL;SHORT JERSEY ESS;buc;19;Marfuri;1;52;137;4056205921554
838262 001 S;SHORT JERSEY ESS;buc;19;Marfuri;2;52;137;4056205921493
AI2963 XS;TF LONG TGT OK;buc;19;Marfuri;3;0;0;4055343898131
AI2963 XL;TF LONG TGT OK;buc;19;Marfuri;1;0;0;4055343898094
AI2963 L;TF LONG TGT OK;buc;19;Marfuri;2;0;0;4055343898056
AI2963 M;TF LONG TGT OK;buc;19;Marfuri;3;0;0;4055343898032
AI2963 S;TF LONG TGT OK;buc;19;Marfuri;3;0;0;4055343897998
AJ2172 XL;BUSTIERA   OK;buc;19;Marfuri;2;0;0;4055343824802
AJ2172 L;BUSTIERA OK;buc;19;Marfuri;3;0;0;4055343824772
AJ2172 S;BUSTIERA OK;buc;19;Marfuri;2;0;0;4055343820675
AJ2172 XS;TF BRA - SOLID;buc;19;Marfuri;1;58;151;4055343820637
AJ2172 M;BUSTIERA   OK;buc;19;Marfuri;3;0;0;4055343820590
AJ2189 S;TF B MACROHTH;buc;19;Marfuri;2;58;151;4055343551531
AJ2189 XS;TF B MACROHTH;buc;19;Marfuri;1;58;151;4055343551494
AJ2189 XL;TF B MACROHTH;buc;19;Marfuri;1;58;151;4055343551470
AJ2189 M;TF B MACROHTH;buc;19;Marfuri;3;58;151;4055343551401
AJ2189 L;TF B MACROHTH;buc;19;Marfuri;2;58;151;4055343551357
73395 001 OSFA;FUNDAMENTALS SPORTS BAG M;buc;19;Marfuri;10;0;0;4055262370428
73472 001 OSFA; PIONEER PORTABLE;buc;19;Marfuri;10;26;68;4055262368364
73472 002 OSFA; PIONEER PORTABLE;buc;19;Marfuri;10;26;68;4055262368357
73583 002 OSFA; BUZZ PORTABLE;buc;19;Marfuri;10;34;88;4055262367770
73583 001 OSFA; BUZZ PORTABLE;buc;19;Marfuri;10;34;88;4055262367763
73499 001 TU;FUNDAMENTALS SPORTS BAG S;buc;19;Marfuri;10;50;132;4055262367473
AA2306 4346;PER M INV T 3PP;buc;19;Marfuri;10;16;42;4055017115557
AA2306 3538;PER M INV T 3PP;buc;19;Marfuri;14;16;42;4055017115526
AA2306 3942;PER M INV T 3PP;buc;19;Marfuri;21;16;42;4055017115502
AA2307 4346;PER M INV T 3PP;buc;19;Marfuri;20;16;42;4055017070986
AA2307 3942;PER M INV T 3PP;buc;19;Marfuri;30;16;42;4055017070955
AA2307 3538;PER M INV T 3PP;buc;19;Marfuri;31;16;42;4055017070931
AA2331 3538;PER CREW T 3PP;buc;19;Marfuri;30;24;63;4055017063698
AA2331 3942;PER CREW T 3PP;buc;19;Marfuri;30;24;63;4055017063643
AA2331 4346;PER CREW T 3PP;buc;19;Marfuri;20;24;63;4055017063629
AA2329 4346;PER CREW T 3PP;buc;19;Marfuri;20;24;63;4055017062608
AA2329 3538;PER CREW T 3PP;buc;19;Marfuri;30;24;63;4055017062561
AA2329 3942;PER CREW T 3PP;buc;19;Marfuri;30;24;63;4055017062554
S12241 4;TANGO GLIDER;buc;19;Marfuri;3;38;100;4055014282658
S12241 5;TANGO GLIDER;buc;19;Marfuri;8;38;100;4055014282641
S20274 4346;TREFOIL LINER;buc;19;Marfuri;20;25;65;4055012814950
S20274 3538;TREFOIL LINER;buc;19;Marfuri;20;25;65;4055012814929
S20274 3942;TREFOIL LINER;buc;19;Marfuri;30;25;65;4055012814912